{
  "position":      [0.191205, 0.091590, 0.350287],
  "look_at":       [-0.225964, -0.284434, -0.477103],
  "fov_deg":       50.000000,
  "yaw":           -0.467001,
  "pitch":         -0.385502,
  "light_scale":   1.000000
}
