{
  "position":      [0.441314, 0.172641, -0.214662],
  "look_at":       [-0.357295, -0.368675, 0.048398],
  "fov_deg":       50.000000,
  "yaw":           -1.889001,
  "pitch":         -0.572002,
  "light_scale":   1.000000
}
